city,barrier,renting_rental,shop,cycleway
antwerp,268,13,1,448.7454573629694
barcelona,673,3,24,158.17537407868247
london,13512,75,62,936.2046270090402
orebro,198,8,3,299.28122136495375
roma,2902,2,2,97.40783890526687
vienna,3557,32,2,713.6584854255415
zurich,739,50,0,122.72319440934906
