city,streets
antwerp,1654.5199901683275
barcelona,1550.781881153859
london,16596.9014226095
orebro,3012.8705727349193
roma,8251.018880849328
vienna,3949.364671734802
zurich,1190.1463282023064
