city,streets
antwerp,1654.0322629663308
barcelona,1552.0624782519872
london,16596.561159961115
orebro,558.0757032042875
roma,5267.824995074986
vienna,3950.4198351803993
zurich,1190.197126762537
