city,barrier,renting_rental,shop,cycleway
antwerp,263,12,1,447.4830249290386
barcelona,667,3,23,156.5407059049108
london,13448,75,62,944.4988614735536
orebro,198,8,3,299.28122136495375
roma,2899,2,2,97.40783890526687
vienna,3541,32,2,713.4851700025382
zurich,737,50,0,123.14220237581974
