city,streets
antwerp,1654.5200726472192
barcelona,1550.781881153859
london,16597.01237338159
orebro,558.0757032042875
roma,5270.483092614269
vienna,3949.364666639966
zurich,1190.1464839054443
