city,barrier,renting_rental,shop,cycleway
antwerp,271,13,1,448.97073042553626
barcelona,677,5,24,158.82206619971248
london,13594,75,62,938.1754537351543
orebro,285,8,3,355.12103510313347
roma,3368,2,2,120.77916489005233
vienna,3569,32,2,713.8701594815676
zurich,741,50,0,123.94580430595097
